{
  "acceptance_rate": 0.5037507894995367,
  "algorithm": "FactorAnalysisModelVINFIS",
  "chain_prob_k1": 0.78436,
  "chain_prob_k2": 0.21564,
  "estimated_log_marginal_likelihoods": {
    "(1,)": -903.445420732082,
    "(2,)": -905.5973589279754
  },
  "estimated_probabilities": {
    "(1,)": 0.8958497551130638,
    "(2,)": 0.10415024488697383
  },
  "flow_device": "cuda",
  "flow_hidden_layer_size": null,
  "flow_num_samples": null,
  "importance_samples": 4000,
  "n_particles": 8000,
  "n_samples": 100000,
  "posterior_sample_generation_seconds": null,
  "rjmcmc_sampling_seconds": 816.972742700018,
  "run_no": 9,
  "runtime_seconds": 1923.1800937000662,
  "save_flows_dir": "data/flows/fa_nightly_n8000",
  "seed": 1645535739,
  "td_proposal_fit_or_train_seconds": 1106.2073510000482
}