{
  "acceptance_rate": 0.5150577317755214,
  "algorithm": "FactorAnalysisModelVINFIS",
  "chain_prob_k1": 0.82637,
  "chain_prob_k2": 0.17363,
  "estimated_log_marginal_likelihoods": {
    "(1,)": -903.4506720641335,
    "(2,)": -905.6580063314112
  },
  "estimated_probabilities": {
    "(1,)": 0.9009061998168809,
    "(2,)": 0.09909380018316986
  },
  "flow_device": "cuda",
  "flow_hidden_layer_size": null,
  "flow_num_samples": null,
  "importance_samples": 4000,
  "n_particles": 8000,
  "n_samples": 100000,
  "posterior_sample_generation_seconds": null,
  "rjmcmc_sampling_seconds": 822.9262881999603,
  "run_no": 5,
  "runtime_seconds": 1934.7588868999155,
  "save_flows_dir": "data/flows/fa_nightly_n8000",
  "seed": 2047814545,
  "td_proposal_fit_or_train_seconds": 1111.8325986999553
}