{
  "acceptance_rate": 0.49155387911972676,
  "algorithm": "FactorAnalysisModelVINFIS",
  "chain_prob_k1": 0.77277,
  "chain_prob_k2": 0.22723,
  "estimated_log_marginal_likelihoods": {
    "(1,)": -903.449618939464,
    "(2,)": -905.5713194872029
  },
  "estimated_probabilities": {
    "(1,)": 0.8929945344864393,
    "(2,)": 0.10700546551351477
  },
  "flow_device": "cuda",
  "flow_hidden_layer_size": null,
  "flow_num_samples": null,
  "importance_samples": 4000,
  "n_particles": 8000,
  "n_samples": 100000,
  "posterior_sample_generation_seconds": null,
  "rjmcmc_sampling_seconds": 824.3516153999371,
  "run_no": 2,
  "runtime_seconds": 1936.9118479999015,
  "save_flows_dir": "data/flows/fa_nightly_n8000",
  "seed": 2135581874,
  "td_proposal_fit_or_train_seconds": 1112.5602325999644
}