{
  "acceptance_rate": 0.5727499498148281,
  "algorithm": "FactorAnalysisModelVINFIS",
  "chain_prob_k1": 0.89071,
  "chain_prob_k2": 0.10929,
  "estimated_log_marginal_likelihoods": {
    "(1,)": -903.4520305222514,
    "(2,)": -905.5918800262392
  },
  "estimated_probabilities": {
    "(1,)": 0.8947164347553531,
    "(2,)": 0.10528356524464404
  },
  "flow_device": "cuda",
  "flow_hidden_layer_size": null,
  "flow_num_samples": null,
  "importance_samples": 4000,
  "n_particles": 8000,
  "n_samples": 100000,
  "posterior_sample_generation_seconds": null,
  "rjmcmc_sampling_seconds": 823.8144824000774,
  "run_no": 8,
  "runtime_seconds": 1932.5911178999813,
  "save_flows_dir": "data/flows/fa_nightly_n8000",
  "seed": 1797992013,
  "td_proposal_fit_or_train_seconds": 1108.776635499904
}