{
  "acceptance_rate": 0.5441587734644765,
  "algorithm": "FactorAnalysisModelVINFIS",
  "chain_prob_k1": 0.89776,
  "chain_prob_k2": 0.10224,
  "estimated_log_marginal_likelihoods": {
    "(1,)": -903.4602553236184,
    "(2,)": -905.5801740386258
  },
  "estimated_probabilities": {
    "(1,)": 0.8928241516670499,
    "(2,)": 0.1071758483329321
  },
  "flow_device": "cuda",
  "flow_hidden_layer_size": null,
  "flow_num_samples": null,
  "importance_samples": 4000,
  "n_particles": 8000,
  "n_samples": 100000,
  "posterior_sample_generation_seconds": null,
  "rjmcmc_sampling_seconds": 820.8960562999127,
  "run_no": 10,
  "runtime_seconds": 1923.8586924999254,
  "save_flows_dir": "data/flows/fa_nightly_n8000",
  "seed": 2095533891,
  "td_proposal_fit_or_train_seconds": 1102.9626362000126
}