{
  "acceptance_rate": 0.5543456535544169,
  "algorithm": "FactorAnalysisModelVINFIS",
  "chain_prob_k1": 0.8953,
  "chain_prob_k2": 0.1047,
  "estimated_log_marginal_likelihoods": {
    "(1,)": -903.4542001952286,
    "(2,)": -905.6443010211666
  },
  "estimated_probabilities": {
    "(1,)": 0.8993570329582914,
    "(2,)": 0.10064296704168844
  },
  "flow_device": "cuda",
  "flow_hidden_layer_size": null,
  "flow_num_samples": null,
  "importance_samples": 4000,
  "n_particles": 8000,
  "n_samples": 100000,
  "posterior_sample_generation_seconds": null,
  "rjmcmc_sampling_seconds": 822.8484596000053,
  "run_no": 3,
  "runtime_seconds": 1933.0530385000166,
  "save_flows_dir": "data/flows/fa_nightly_n8000",
  "seed": 2131554306,
  "td_proposal_fit_or_train_seconds": 1110.2045789000113
}