{
  "acceptance_rate": 0.5602393906936859,
  "algorithm": "FactorAnalysisModelVINFIS",
  "chain_prob_k1": 0.89476,
  "chain_prob_k2": 0.10524,
  "estimated_log_marginal_likelihoods": {
    "(1,)": -903.4509496120401,
    "(2,)": -905.5742144274428
  },
  "estimated_probabilities": {
    "(1,)": 0.8931439166829782,
    "(2,)": 0.10685608331705561
  },
  "flow_device": "cuda",
  "flow_hidden_layer_size": null,
  "flow_num_samples": null,
  "importance_samples": 4000,
  "n_particles": 8000,
  "n_samples": 100000,
  "posterior_sample_generation_seconds": null,
  "rjmcmc_sampling_seconds": 821.4782795000356,
  "run_no": 6,
  "runtime_seconds": 1923.2583067000378,
  "save_flows_dir": "data/flows/fa_nightly_n8000",
  "seed": 1776286830,
  "td_proposal_fit_or_train_seconds": 1101.7800272000022
}