{
  "algorithm": "cnf",
  "calibration_source": "smc",
  "setup_seconds": 6.968548999997438,
  "within_model_calibration_seconds": 0.0008354999990842771,
  "td_calibration_seconds": 6.571083299997554,
  "rjmcmc_sampling_seconds": 0.022190499999851454,
  "run_total_seconds": 6.990739499997289,
  "smc_total_recorded_generation_seconds": 0.36456189999807975,
  "smc_total_elapsed_seconds_current_run": 0.37004890000025625,
  "run_total_plus_smc_seconds": 7.355301399995369
}