{
  "algorithm": "cnf",
  "calibration_source": "smc",
  "setup_seconds": 553.6094645999997,
  "within_model_calibration_seconds": 0.17029539999975896,
  "td_calibration_seconds": 0.07723820000001069,
  "rjmcmc_sampling_seconds": 4146.751178799999,
  "run_total_seconds": 4700.360643399999,
  "smc_total_recorded_generation_seconds": 549.2700907999997,
  "smc_total_elapsed_seconds_current_run": 549.2789250999999,
  "run_total_plus_smc_seconds": 5249.630734199999
}