{
  "k_max": 10,
  "n_particles": 4000,
  "seed": 2222,
  "ess_threshold": 0.5,
  "within_model_scale": 0.35,
  "generated_models": [
    0,
    1,
    2,
    3,
    4,
    5,
    6,
    7,
    8,
    9,
    10
  ],
  "reused_models": [],
  "per_k_elapsed_seconds": {
    "0": 1.1208857999999964,
    "1": 6.376796200000172,
    "2": 15.536512399999992,
    "3": 29.77017969999997,
    "4": 45.907114399999955,
    "5": 57.76638169999978,
    "6": 63.63891550000017,
    "7": 67.06982599999992,
    "8": 73.00460429999976,
    "9": 93.85742290000007,
    "10": 95.22145189999992
  },
  "total_elapsed_seconds_current_run": 549.2789250999999,
  "total_recorded_generation_seconds": 549.2700907999997
}