{
  "algorithm": "vinf",
  "calibration_source": "vinf_target",
  "setup_seconds": 1.6000941000020248,
  "within_model_calibration_seconds": 0.001200899998366367,
  "td_calibration_seconds": 1.481977100000222,
  "rjmcmc_sampling_seconds": 0.020927600002323743,
  "run_total_seconds": 1.6210217000043485
}